{
    "models": [
        "SRCNN",
        "ChannelNet",
        "EDSR",
        "AttRNet-Conv",
        "LSiDNN 48",
        "LSiDNN 1024",
        "CE-ViT",
        "HELENA MHSA",
        "HELENA"
    ],
    "flops": [
        0.24101784,
        3.108658896,
        5.245278192,
        1.288096854,
        0.003307296,
        0.070207216,
        0.053038588,
        0.077215428,
        0.077226132
    ],
    "mse": [
        -14.028489295518057,
        -15.641590943023168,
        -15.882459874539773,
        -16.074307879748467,
        -13.692762512031324,
        -14.909176325999917,
        -17.40724316256579,
        -15.936785934124407,
        -16.86756125081597
    ],
    "optimized_mse": [
        -13.828422933635895,
        -15.507612519993275,
        -15.773494453734756,
        -15.993581685461793,
        -13.546629441098277,
        -14.834737922372089,
        -17.303398898725145,
        -15.839844682799482,
        -16.782499481667582
    ],
    "inference_time": [
        0.00012037978076294764,
        0.0002938535898614759,
        0.0003884105583456248,
        0.00029346919627070355,
        7.386495603010958e-05,
        0.0001583445574031362,
        0.00031818515866031147,
        0.00017247511309192559,
        0.00017584344830143516
    ]
}